<?xml version="1.0"?>
<!DOCTYPE hibernate-mapping PUBLIC "-//Hibernate/Hibernate Mapping DTD 3.0//EN"
"http://hibernate.sourceforge.net/hibernate-mapping-3.0.dtd">
<!-- Generated 2014-12-14 14:51:48 by Hibernate Tools 3.4.0.CR1 -->
<hibernate-mapping>
    <class name="com.zs.model.User" table="USER">
        <id name="username" type="java.lang.String">
            <column name="USERNAME" />
            <generator class="assigned" />
        </id>
        <property name="password" type="java.lang.String">
            <column name="PASSWORD" />
        </property>
        <property name="sex" type="java.lang.Short">
            <column name="SEX" />
        </property>
        <property name="email" type="java.lang.String">
            <column name="EMAIL" />
        </property>
        <property name="address" type="java.lang.String">
            <column name="ADDRESS" />
        </property>
        <property name="grade" type="java.lang.String">
            <column name="GRADE" />
        </property>
    </class>
</hibernate-mapping>
