<?xml version="1.0" encoding="UTF-8" ?>
<!DOCTYPE struts PUBLIC
	"-//Apache Software Foundation//DTD Struts Configuration 2.3//EN"
	"http://struts.apache.org/dtds/struts-2.3.dtd">

<struts>

    <package name="default" extends="struts-default">
    	
    	<action name="index">
    		<result>/index.jsp</result>
    	</action>
    	
    	<action name="userlogin" class="com.zs.web.admin.AdminLoginAction">
    		<result name="success">/admin/adminlogin.jsp</result>
    		<result name="input">/index.jsp</result>
    	</action>
    </package>

</struts>
